InventoryID;DateKey;ProductKey;StoreKey;StockLevel;DaysOfStock
1;2023-02-18;P096;S012;283;46
2;2022-05-03;P022;S004;12;15
3;2022-01-30;P097;S009;184;16
4;2022-01-18;P022;S014;443;38
5;2022-01-23;P100;S012;137;14
6;2024-11-27;P082;S010;192;36
7;2025-06-25;P092;S008;339;13
8;2025-10-16;P013;S003;390;59
9;2025-02-16;P082;S013;443;27
10;2024-08-25;P023;S016;318;8
11;2023-04-05;P099;S013;479;23
12;2022-03-15;P018;S013;468;41
13;2023-08-06;P074;S019;25;53
14;2022-09-30;P066;S018;236;11
15;2025-09-10;P014;S008;116;5
16;2025-10-17;P032;S001;454;5
17;2024-08-05;P030;S017;37;25
18;2025-03-10;P019;S009;309;18
19;2022-01-07;P069;S010;44;48
20;2023-12-29;P048;S009;487;55
21;2023-05-16;P096;S012;367;58
22;2024-12-27;P074;S010;185;51
23;2023-03-06;P005;S008;168;24
24;2023-07-01;P078;S004;172;9
25;2022-01-29;P039;S014;218;43
26;2025-10-11;P043;S007;417;11
27;2024-11-23;P019;S010;75;14
28;2025-07-07;P075;S010;203;42
29;2024-05-11;P099;S015;313;9
30;2025-08-29;P039;S015;78;5
31;2025-09-26;P086;S002;211;58
32;2023-03-26;P059;S016;137;27
33;2025-11-28;P094;S010;248;11
34;2024-10-10;P052;S015;237;28
35;2023-09-17;P094;S019;381;9
36;2024-10-26;P050;S010;89;13
37;2022-12-02;P075;S020;400;19
38;2024-06-19;P086;S015;201;8
39;2023-01-28;P010;S002;316;55
40;2023-07-03;P083;S014;119;4
41;2023-04-27;P015;S015;10;44
42;2023-02-27;P060;S010;400;25
43;2025-06-16;P035;S009;202;7
44;2025-06-27;P035;S019;14;56
45;2022-09-04;P001;S006;3;27
46;2023-07-06;P047;S008;344;40
47;2022-03-05;P063;S002;227;51
48;2024-01-05;P018;S001;180;23
49;2025-02-19;P026;S013;430;40
50;2023-10-05;P060;S006;222;51
51;2025-02-22;P018;S003;45;57
52;2025-10-17;P063;S002;412;29
53;2024-11-25;P041;S010;30;58
54;2022-04-18;P082;S008;328;36
55;2022-07-05;P043;S009;47;10
56;2023-09-07;P082;S007;183;32
57;2022-01-19;P096;S013;448;47
58;2024-06-30;P038;S007;130;23
59;2022-04-04;P027;S019;259;40
60;2025-10-10;P049;S001;274;47
61;2022-05-08;P056;S013;424;48
62;2022-11-11;P093;S017;149;24
63;2023-01-17;P049;S012;370;21
64;2025-11-22;P041;S014;455;39
65;2025-06-19;P084;S016;24;40
66;2025-03-21;P060;S012;387;29
67;2025-12-13;P099;S016;492;45
68;2023-05-26;P087;S002;308;45
69;2023-04-17;P056;S020;178;27
70;2025-07-09;P076;S019;205;34
71;2024-01-31;P062;S007;4;26
72;2023-12-03;P099;S012;305;52
73;2023-05-19;P062;S014;177;15
74;2024-01-03;P100;S018;314;6
75;2022-09-13;P042;S007;348;25
76;2022-10-19;P028;S005;404;18
77;2025-08-01;P037;S001;334;7
78;2025-03-10;P020;S007;150;2
79;2024-06-22;P035;S016;80;58
80;2025-08-05;P054;S016;130;34
81;2024-02-02;P071;S017;224;1
82;2024-05-06;P098;S004;305;57
83;2022-05-24;P006;S016;309;54
84;2022-03-26;P019;S004;90;46
85;2023-11-23;P008;S005;399;2
86;2022-04-11;P048;S005;261;42
87;2025-06-14;P094;S020;296;36
88;2025-12-12;P066;S011;437;4
89;2022-07-24;P016;S014;9;28
90;2022-05-07;P024;S017;117;23
91;2024-08-14;P025;S009;156;39
92;2024-09-01;P013;S017;442;20
93;2024-05-22;P073;S019;80;37
94;2022-11-03;P030;S001;358;59
95;2022-09-17;P009;S013;173;44
96;2022-06-26;P063;S010;461;12
97;2023-12-28;P040;S010;395;32
98;2025-05-13;P007;S007;229;57
99;2022-07-19;P080;S006;156;38
100;2023-05-28;P032;S007;333;31
101;2025-04-07;P061;S005;199;18
102;2023-03-10;P060;S007;304;29
103;2023-05-24;P093;S015;231;34
104;2025-07-11;P051;S010;167;51
105;2023-08-02;P040;S020;464;29
106;2022-04-28;P079;S013;298;27
107;2022-03-27;P011;S009;102;31
108;2022-08-23;P073;S006;342;48
109;2022-11-18;P016;S020;6;55
110;2022-09-15;P025;S007;139;34
111;2024-10-04;P032;S006;207;17
112;2022-01-17;P074;S016;12;20
113;2023-11-04;P010;S002;188;31
114;2023-04-22;P094;S015;382;31
115;2023-11-25;P057;S003;174;58
116;2025-10-19;P084;S013;402;39
117;2025-06-26;P041;S017;130;21
118;2023-09-11;P098;S019;362;7
119;2024-06-20;P065;S011;119;32
120;2024-08-05;P032;S002;455;55
121;2025-01-29;P095;S010;167;12
122;2024-03-23;P048;S012;267;23
123;2024-02-08;P054;S013;158;43
124;2024-04-27;P075;S006;383;49
125;2024-03-29;P041;S004;162;43
126;2023-01-30;P083;S012;339;40
127;2024-02-29;P061;S015;475;6
128;2024-06-15;P007;S019;321;32
129;2022-11-29;P053;S008;26;38
130;2024-12-08;P093;S005;258;15
131;2023-01-01;P053;S004;303;26
132;2024-03-27;P100;S013;404;20
133;2023-05-21;P097;S006;370;12
134;2023-08-27;P100;S020;51;41
135;2024-08-02;P026;S016;134;45
136;2025-07-16;P093;S010;306;47
137;2022-08-18;P061;S005;480;47
138;2024-05-11;P093;S015;300;26
139;2022-08-16;P035;S011;301;30
140;2025-03-11;P003;S020;288;29
141;2024-07-20;P069;S009;291;30
142;2023-11-27;P097;S018;16;13
143;2025-05-23;P064;S001;389;41
144;2024-12-05;P011;S009;115;43
145;2022-01-15;P006;S009;404;22
146;2025-09-28;P002;S015;293;43
147;2022-05-16;P077;S004;417;41
148;2023-11-27;P065;S004;48;17
149;2025-07-14;P091;S001;60;23
150;2023-12-12;P040;S001;313;25
151;2023-11-16;P015;S001;495;53
152;2023-09-14;P099;S006;75;6
153;2025-12-05;P030;S011;267;54
154;2022-06-24;P006;S016;145;37
155;2023-05-16;P098;S005;189;26
156;2025-09-07;P021;S010;495;57
157;2024-05-25;P096;S016;5;21
158;2023-01-03;P057;S011;204;35
159;2024-09-17;P055;S018;350;6
160;2024-02-15;P084;S014;249;22
161;2023-02-13;P099;S013;344;17
162;2024-02-24;P063;S001;431;11
163;2023-02-12;P009;S003;343;4
164;2024-02-05;P052;S015;105;58
165;2022-11-04;P037;S012;266;44
166;2022-03-04;P070;S005;416;10
167;2022-03-02;P074;S016;20;17
168;2023-05-22;P009;S014;486;38
169;2022-09-13;P097;S010;407;18
170;2022-03-18;P016;S005;54;53
171;2022-03-31;P032;S007;176;19
172;2022-12-31;P084;S016;235;22
173;2022-09-29;P084;S015;371;57
174;2023-10-11;P003;S006;467;15
175;2025-07-22;P014;S007;494;44
176;2022-02-09;P021;S018;8;19
177;2022-06-23;P072;S019;350;25
178;2023-10-05;P088;S019;475;37
179;2023-10-28;P047;S017;117;18
180;2025-10-12;P021;S014;293;58
181;2023-08-07;P042;S009;388;12
182;2022-11-22;P096;S016;100;32
183;2023-12-26;P017;S010;424;26
184;2022-10-10;P040;S009;417;26
185;2025-04-10;P058;S012;201;47
186;2025-08-10;P004;S009;351;42
187;2022-08-02;P042;S016;356;28
188;2022-03-30;P087;S016;446;25
189;2023-01-19;P057;S002;144;30
190;2025-04-07;P036;S007;180;51
191;2024-04-05;P052;S020;35;41
192;2023-03-11;P022;S007;35;38
193;2023-08-31;P089;S007;396;14
194;2022-11-15;P068;S019;19;1
195;2022-01-19;P010;S003;306;33
196;2023-10-29;P024;S010;229;11
197;2025-01-22;P035;S006;210;35
198;2025-10-25;P078;S002;469;21
199;2024-12-12;P020;S020;271;22
200;2024-05-14;P052;S018;5;5
201;2024-09-23;P014;S009;458;40
202;2023-03-05;P039;S015;393;54
203;2024-06-06;P073;S014;158;18
204;2022-04-15;P034;S009;145;37
205;2024-01-03;P084;S002;351;44
206;2022-12-08;P067;S010;168;55
207;2022-01-20;P076;S004;361;29
208;2024-05-05;P012;S001;46;18
209;2024-09-14;P042;S011;23;53
210;2022-09-12;P086;S016;109;12
211;2023-10-04;P099;S011;463;21
212;2023-02-28;P031;S013;92;40
213;2025-06-24;P071;S014;486;30
214;2022-05-26;P009;S001;216;41
215;2025-01-10;P051;S009;103;15
216;2023-05-29;P037;S018;216;35
217;2025-12-27;P022;S011;167;47
218;2023-01-10;P009;S003;44;28
219;2024-01-30;P080;S004;338;4
220;2024-07-07;P064;S011;201;28
221;2022-02-16;P063;S007;256;30
222;2023-05-15;P085;S009;282;48
223;2023-05-22;P073;S005;21;57
224;2025-02-21;P012;S002;27;57
225;2022-12-11;P027;S012;253;51
226;2023-03-05;P047;S004;431;50
227;2024-02-28;P073;S013;34;27
228;2025-12-25;P091;S002;2;16
229;2024-11-21;P028;S015;421;32
230;2024-02-26;P035;S001;217;12
231;2025-03-15;P038;S018;299;44
232;2024-07-31;P096;S002;253;55
233;2023-09-10;P041;S004;388;36
234;2023-11-01;P067;S019;239;15
235;2025-01-21;P056;S020;240;19
236;2022-09-03;P009;S010;201;18
237;2025-09-26;P003;S013;134;26
238;2022-10-31;P051;S019;477;11
239;2023-03-26;P100;S008;472;30
240;2024-07-29;P077;S010;425;28
241;2025-02-26;P049;S008;353;56
242;2023-06-18;P098;S019;366;23
243;2023-07-22;P094;S009;56;15
244;2023-02-28;P080;S009;84;48
245;2022-02-07;P097;S013;156;11
246;2023-06-15;P035;S001;336;43
247;2023-08-28;P016;S012;190;21
248;2024-05-31;P040;S010;419;45
249;2022-08-03;P069;S019;423;39
250;2024-08-10;P008;S008;498;31
251;2022-09-13;P054;S011;20;15
252;2025-12-26;P033;S011;97;17
253;2023-07-11;P051;S016;180;25
254;2022-08-03;P094;S011;143;24
255;2025-05-28;P002;S001;173;59
256;2024-11-17;P038;S006;491;45
257;2022-11-12;P056;S013;136;36
258;2024-02-12;P020;S011;235;33
259;2024-07-02;P052;S003;2;44
260;2024-09-16;P009;S001;22;4
261;2025-05-16;P065;S014;140;1
262;2024-09-15;P066;S011;37;38
263;2024-09-16;P019;S014;161;56
264;2025-12-16;P016;S010;221;11
265;2025-04-06;P069;S002;230;21
266;2024-08-08;P096;S005;409;25
267;2024-01-13;P020;S015;415;58
268;2024-05-12;P052;S018;19;50
269;2025-04-05;P014;S016;45;28
270;2023-08-11;P077;S020;101;50
271;2024-07-09;P091;S003;310;52
272;2025-06-24;P035;S009;392;6
273;2025-12-01;P057;S018;486;46
274;2023-11-14;P034;S019;306;6
275;2025-11-05;P059;S005;56;22
276;2025-08-20;P080;S004;335;15
277;2025-05-28;P028;S008;428;54
278;2022-10-21;P043;S007;165;33
279;2024-05-07;P035;S011;323;17
280;2024-03-02;P015;S012;139;12
281;2022-09-11;P003;S012;473;31
282;2025-03-02;P091;S016;116;35
283;2024-01-18;P027;S016;137;34
284;2023-03-20;P004;S015;463;32
285;2024-07-01;P085;S001;320;23
286;2025-04-03;P022;S015;267;38
287;2022-09-28;P069;S018;435;5
288;2024-09-20;P023;S006;253;40
289;2023-11-01;P087;S009;50;2
290;2024-06-30;P013;S017;469;59
291;2025-03-01;P060;S012;319;31
292;2022-06-08;P027;S002;184;12
293;2024-01-29;P050;S016;92;39
294;2025-08-13;P079;S015;18;46
295;2023-05-22;P012;S012;157;42
296;2023-01-21;P010;S015;219;20
297;2025-01-06;P049;S013;212;14
298;2024-11-29;P092;S012;337;11
299;2023-09-09;P035;S019;232;31
300;2023-10-27;P038;S016;23;51
301;2022-11-14;P054;S007;281;33
302;2025-09-12;P020;S017;35;26
303;2025-12-10;P012;S010;362;2
304;2022-06-23;P003;S009;311;31
305;2022-12-25;P002;S006;207;55
306;2024-03-20;P092;S009;313;35
307;2024-10-27;P022;S001;499;27
308;2023-07-22;P035;S016;31;5
309;2024-07-31;P009;S014;257;11
310;2023-03-10;P087;S008;456;51
311;2023-03-05;P017;S015;337;39
312;2025-08-16;P014;S016;176;28
313;2022-11-04;P032;S014;496;16
314;2025-11-15;P059;S016;429;52
315;2022-10-05;P058;S007;492;40
316;2025-03-26;P036;S018;82;26
317;2023-01-09;P033;S017;377;24
318;2022-06-17;P074;S001;310;4
319;2025-12-30;P064;S011;229;12
320;2023-01-05;P013;S020;267;18
321;2024-04-07;P034;S005;204;55
322;2024-09-24;P005;S013;446;14
323;2025-04-07;P070;S008;162;17
324;2023-08-08;P033;S018;239;44
325;2023-01-14;P005;S013;116;41
326;2022-03-18;P088;S009;73;16
327;2023-07-23;P072;S011;405;53
328;2022-04-09;P018;S006;265;42
329;2022-06-12;P089;S011;305;20
330;2025-07-22;P018;S015;418;52
331;2024-07-05;P100;S014;492;43
332;2024-09-07;P026;S008;143;28
333;2023-02-01;P084;S018;291;41
334;2024-02-28;P020;S001;60;1
335;2022-12-10;P088;S009;74;16
336;2024-11-15;P084;S007;16;4
337;2024-09-30;P004;S015;344;54
338;2024-12-15;P022;S015;384;32
339;2023-06-27;P089;S009;11;29
340;2024-11-19;P085;S005;2;8
341;2023-06-20;P082;S007;370;2
342;2023-08-31;P073;S012;72;46
343;2025-03-27;P009;S006;82;24
344;2025-02-18;P059;S010;146;41
345;2022-06-03;P033;S015;382;56
346;2024-05-19;P007;S004;113;46
347;2025-01-10;P033;S015;83;14
348;2025-10-16;P066;S018;74;53
349;2025-08-26;P072;S003;471;44
350;2024-05-30;P097;S015;277;43
351;2022-11-28;P059;S020;0;1
352;2025-07-24;P035;S005;52;54
353;2023-02-11;P093;S002;171;33
354;2022-05-06;P032;S015;490;11
355;2025-07-31;P001;S008;265;20
356;2023-08-16;P095;S005;458;57
357;2023-03-19;P052;S009;7;15
358;2025-04-19;P035;S007;144;28
359;2022-06-11;P040;S004;197;21
360;2025-10-16;P044;S019;250;23
361;2022-05-10;P039;S008;134;9
362;2022-10-08;P020;S014;124;20
363;2024-05-12;P097;S009;318;53
364;2025-03-03;P087;S005;350;54
365;2024-06-13;P003;S006;420;17
366;2023-11-21;P053;S010;67;42
367;2023-04-18;P012;S013;63;15
368;2022-01-05;P008;S010;253;44
369;2024-02-17;P064;S013;262;5
370;2022-03-23;P041;S003;399;46
371;2022-08-09;P011;S012;472;42
372;2024-04-22;P026;S004;355;52
373;2024-01-23;P087;S011;226;33
374;2024-05-24;P038;S009;269;30
375;2022-03-10;P005;S006;249;16
376;2022-05-22;P032;S012;163;36
377;2024-03-11;P069;S014;372;37
378;2023-05-19;P015;S009;328;41
379;2025-10-12;P061;S008;266;49
380;2024-08-22;P052;S009;383;38
381;2025-05-14;P087;S013;384;24
382;2022-02-09;P028;S011;264;25
383;2023-05-15;P019;S009;24;27
384;2023-12-08;P054;S020;103;5
385;2025-05-10;P081;S008;270;50
386;2024-12-07;P015;S010;252;49
387;2024-09-20;P013;S009;57;21
388;2023-05-25;P087;S004;23;43
389;2025-07-13;P082;S010;71;35
390;2022-09-02;P023;S017;371;6
391;2022-09-19;P080;S019;92;9
392;2025-09-03;P062;S010;454;45
393;2023-06-27;P084;S018;126;27
394;2025-10-06;P025;S016;173;1
395;2022-02-03;P032;S004;17;30
396;2023-05-03;P021;S009;450;15
397;2025-10-04;P001;S009;62;32
398;2023-04-15;P028;S002;110;20
399;2024-02-19;P091;S019;151;4
400;2022-10-21;P091;S008;339;55
401;2022-07-30;P100;S019;158;34
402;2025-03-04;P012;S004;473;48
403;2024-09-09;P079;S011;421;56
404;2024-06-05;P020;S003;238;38
405;2024-06-06;P083;S018;237;20
406;2023-01-14;P051;S017;298;47
407;2022-11-29;P026;S019;7;51
408;2025-11-12;P085;S009;223;58
409;2022-10-04;P043;S016;199;28
410;2023-08-13;P050;S008;132;39
411;2023-05-13;P074;S009;335;25
412;2025-11-15;P028;S005;26;11
413;2022-03-18;P026;S005;381;50
414;2023-02-23;P077;S014;190;8
415;2025-11-05;P025;S014;230;34
416;2023-11-20;P031;S005;192;27
417;2023-09-01;P084;S004;62;44
418;2025-11-01;P079;S017;388;22
419;2025-03-08;P018;S006;322;8
420;2025-06-20;P040;S007;492;33
421;2023-05-09;P087;S014;51;39
422;2022-12-25;P067;S015;336;9
423;2022-09-08;P063;S006;480;54
424;2024-03-02;P011;S010;82;22
425;2022-10-05;P027;S008;387;9
426;2022-06-20;P037;S008;332;31
427;2025-04-17;P012;S005;434;34
428;2023-11-20;P097;S016;241;4
429;2025-11-02;P028;S020;170;46
430;2023-05-09;P006;S011;182;14
431;2023-01-11;P070;S007;473;59
432;2022-10-05;P044;S002;296;8
433;2022-12-01;P085;S007;158;53
434;2024-11-07;P089;S006;290;41
435;2022-10-27;P047;S019;207;35
436;2022-04-19;P036;S018;312;22
437;2024-11-21;P082;S001;407;54
438;2024-12-15;P044;S018;308;51
439;2025-01-02;P069;S012;285;6
440;2023-03-23;P023;S017;378;33
441;2023-05-07;P023;S008;251;53
442;2023-08-24;P087;S020;208;18
443;2024-06-07;P035;S003;204;8
444;2022-05-12;P093;S010;357;7
445;2024-03-16;P069;S016;248;32
446;2025-06-15;P061;S018;390;7
447;2025-10-11;P081;S001;392;10
448;2022-09-07;P038;S008;148;36
449;2024-12-01;P052;S019;157;50
450;2024-09-23;P002;S003;484;51
451;2022-08-19;P019;S016;100;31
452;2024-04-07;P063;S016;277;31
453;2025-01-18;P067;S016;430;10
454;2023-02-08;P094;S012;317;20
455;2022-07-10;P097;S009;286;51
456;2025-11-05;P023;S018;387;35
457;2022-05-07;P026;S011;265;29
458;2023-01-12;P030;S020;285;30
459;2024-03-08;P019;S011;221;49
460;2023-07-29;P039;S020;488;31
461;2022-08-28;P090;S012;390;33
462;2024-11-27;P096;S018;142;56
463;2022-10-06;P028;S002;402;40
464;2025-03-20;P073;S004;73;49
465;2023-07-24;P061;S004;166;4
466;2023-11-19;P048;S014;346;34
467;2024-01-25;P095;S013;258;17
468;2025-11-14;P079;S009;98;34
469;2022-12-29;P096;S015;51;32
470;2022-06-23;P013;S010;379;33
471;2024-05-04;P086;S005;209;37
472;2025-03-12;P011;S004;343;31
473;2022-09-14;P097;S018;268;26
474;2022-04-10;P088;S004;43;31
475;2023-05-02;P040;S016;464;31
476;2025-10-03;P051;S011;249;28
477;2023-06-29;P070;S007;16;38
478;2025-10-21;P080;S001;330;44
479;2025-03-21;P030;S003;144;56
480;2023-08-05;P030;S016;307;10
481;2023-10-16;P078;S004;176;8
482;2022-09-03;P054;S003;338;46
483;2022-04-06;P007;S020;70;36
484;2022-12-05;P067;S001;402;19
485;2025-01-12;P095;S001;379;28
486;2022-05-05;P010;S010;289;5
487;2022-12-06;P097;S012;220;24
488;2025-04-04;P061;S003;157;53
489;2023-10-13;P037;S013;105;58
490;2023-11-03;P015;S006;28;7
491;2025-12-07;P050;S020;485;20
492;2025-08-02;P004;S010;175;2
493;2025-12-07;P042;S006;391;57
494;2025-01-14;P068;S001;67;43
495;2022-05-19;P010;S015;91;10
496;2023-03-09;P022;S014;307;18
497;2024-09-06;P031;S012;74;34
498;2025-02-02;P100;S010;337;14
499;2022-03-19;P076;S009;84;56
500;2024-01-01;P073;S015;366;10
501;2023-12-05;P028;S014;57;38
502;2023-01-13;P098;S010;495;32
503;2025-04-26;P069;S001;60;53
504;2023-12-09;P094;S020;423;3
505;2025-11-15;P080;S002;95;55
506;2024-06-21;P019;S002;272;48
507;2025-07-08;P078;S002;225;8
508;2024-03-25;P047;S002;336;9
509;2025-08-08;P024;S008;14;11
510;2022-05-23;P056;S018;211;16
511;2024-11-27;P011;S013;358;34
512;2024-11-25;P077;S017;394;24
513;2022-04-25;P074;S008;338;31
514;2023-05-29;P093;S010;351;5
515;2024-11-04;P091;S014;471;33
516;2022-11-07;P054;S019;325;30
517;2025-06-03;P059;S019;337;58
518;2024-04-24;P065;S005;488;55
519;2025-04-26;P032;S018;376;30
520;2022-01-25;P018;S010;175;15
521;2024-02-21;P004;S016;268;39
522;2023-05-04;P080;S018;118;16
523;2025-06-17;P082;S009;153;26
524;2025-11-17;P085;S010;7;12
525;2025-04-15;P051;S012;281;19
526;2023-01-09;P047;S005;368;47
527;2023-11-06;P054;S015;397;59
528;2023-12-27;P025;S007;245;35
529;2025-07-08;P010;S020;424;20
530;2022-08-24;P007;S007;133;21
531;2023-10-19;P065;S003;143;53
532;2022-03-10;P097;S003;226;37
533;2024-08-30;P097;S007;33;15
534;2025-06-28;P019;S001;295;54
535;2023-07-20;P007;S018;474;49
536;2023-11-18;P045;S001;483;16
537;2024-01-05;P078;S006;139;16
538;2025-09-15;P038;S020;384;23
539;2024-10-17;P007;S007;284;44
540;2023-07-28;P046;S012;208;4
541;2022-12-15;P067;S003;81;29
542;2022-01-16;P075;S002;432;37
543;2022-07-28;P008;S015;247;24
544;2023-10-09;P090;S020;399;8
545;2024-12-02;P003;S004;354;44
546;2024-08-31;P093;S020;136;5
547;2023-11-15;P012;S019;442;43
548;2024-04-18;P082;S011;363;29
549;2023-01-29;P043;S020;294;51
550;2023-10-01;P007;S005;421;10
551;2023-01-15;P094;S020;490;56
552;2024-06-19;P048;S012;5;50
553;2025-08-23;P080;S016;345;44
554;2024-10-27;P045;S010;80;9
555;2022-01-22;P025;S006;343;22
556;2023-06-20;P004;S012;73;10
557;2023-01-17;P004;S007;479;20
558;2022-12-26;P050;S010;314;20
559;2025-08-14;P058;S016;2;51
560;2024-02-02;P065;S003;402;27
561;2025-03-19;P067;S016;226;53
562;2024-10-11;P028;S012;154;38
563;2022-06-12;P075;S008;280;10
564;2025-02-13;P037;S005;212;19
565;2025-04-21;P002;S017;193;41
566;2025-02-28;P073;S020;339;30
567;2025-10-22;P061;S020;406;16
568;2022-10-02;P081;S014;379;40
569;2023-03-02;P096;S009;62;12
570;2025-09-13;P051;S019;441;54
571;2023-09-29;P031;S012;224;5
572;2023-12-28;P085;S011;305;43
573;2024-07-04;P081;S001;391;51
574;2023-01-25;P081;S011;375;3
575;2022-09-28;P043;S008;434;24
576;2022-03-10;P091;S020;100;54
577;2024-08-31;P028;S004;247;26
578;2023-04-02;P039;S004;297;31
579;2022-12-12;P065;S011;477;47
580;2025-07-03;P016;S019;318;59
581;2024-02-13;P067;S004;414;54
582;2025-11-09;P079;S006;104;52
583;2025-03-16;P068;S009;58;3
584;2024-08-17;P036;S011;209;54
585;2025-09-24;P030;S012;94;1
586;2025-04-15;P093;S018;89;11
587;2025-01-10;P023;S020;343;45
588;2024-12-10;P063;S009;50;5
589;2022-09-24;P069;S015;440;7
590;2024-04-29;P047;S017;388;33
591;2023-05-07;P011;S009;202;13
592;2024-09-09;P019;S013;51;42
593;2024-09-23;P062;S002;471;31
594;2022-09-14;P072;S017;192;52
595;2024-09-11;P043;S018;139;50
596;2022-01-09;P075;S006;101;13
597;2022-11-17;P009;S002;406;1
598;2023-01-07;P025;S001;119;49
599;2022-11-19;P089;S005;307;44
600;2025-09-28;P078;S014;363;55
601;2025-07-04;P031;S018;472;38
602;2024-07-08;P013;S004;446;39
603;2025-03-17;P065;S014;75;33
604;2022-07-11;P030;S015;130;42
605;2024-07-04;P073;S008;151;35
606;2025-02-21;P029;S002;217;39
607;2025-05-12;P095;S017;78;42
608;2025-09-22;P018;S017;350;42
609;2022-03-26;P003;S020;490;9
610;2024-07-24;P035;S006;425;6
611;2023-02-11;P066;S006;404;56
612;2025-02-17;P004;S019;251;41
613;2024-12-15;P041;S001;212;55
614;2023-02-05;P079;S006;374;9
615;2023-05-29;P081;S005;340;27
616;2022-12-28;P090;S004;118;42
617;2022-02-02;P095;S013;495;29
618;2024-01-19;P030;S020;152;4
619;2023-09-12;P087;S017;11;25
620;2022-09-28;P094;S013;303;16
621;2025-10-17;P011;S016;100;57
622;2023-11-05;P033;S013;209;34
623;2023-03-20;P038;S001;73;11
624;2022-05-28;P005;S010;197;9
625;2023-04-16;P059;S018;184;35
626;2023-06-27;P099;S017;284;27
627;2022-09-15;P051;S017;156;39
628;2022-09-26;P065;S010;220;45
629;2022-12-18;P068;S020;173;59
630;2023-01-04;P058;S002;237;45
631;2023-02-04;P048;S010;8;51
632;2024-02-22;P058;S020;251;28
633;2022-01-25;P037;S006;31;43
634;2022-11-28;P007;S003;495;5
635;2023-06-24;P060;S010;140;16
636;2022-04-15;P059;S019;365;28
637;2024-02-19;P010;S017;180;2
638;2024-06-07;P033;S012;330;42
639;2023-12-26;P051;S012;97;10
640;2023-03-14;P078;S006;309;19
641;2025-04-24;P036;S012;379;58
642;2025-10-24;P038;S020;499;20
643;2022-05-24;P055;S006;371;58
644;2023-12-03;P030;S003;412;38
645;2022-03-15;P026;S003;178;59
646;2024-10-12;P095;S009;459;54
647;2024-08-19;P042;S001;176;48
648;2025-01-19;P047;S004;350;45
649;2024-12-11;P019;S012;424;51
650;2024-03-08;P077;S005;469;35
651;2024-11-05;P087;S018;217;41
652;2022-05-18;P083;S016;490;10
653;2023-10-17;P080;S010;267;48
654;2024-03-04;P025;S012;290;50
655;2022-07-08;P090;S011;368;36
656;2024-10-12;P085;S019;485;53
657;2023-06-11;P018;S005;259;56
658;2022-05-09;P009;S003;44;56
659;2022-04-24;P088;S019;304;54
660;2025-01-15;P017;S006;457;16
661;2022-08-14;P094;S017;243;50
662;2022-05-04;P004;S013;126;26
663;2022-05-09;P055;S007;145;31
664;2022-12-11;P054;S019;301;42
665;2022-10-21;P028;S019;111;1
666;2023-04-09;P040;S012;466;23
667;2024-01-21;P009;S011;441;42
668;2025-03-09;P036;S017;270;49
669;2025-03-07;P008;S017;313;27
670;2023-05-19;P062;S018;150;19
671;2023-03-31;P086;S015;406;16
672;2022-11-22;P089;S006;340;57
673;2024-03-02;P049;S008;409;38
674;2022-11-09;P070;S011;236;8
675;2023-07-06;P090;S013;161;16
676;2022-10-20;P042;S017;380;12
677;2024-08-21;P002;S017;296;9
678;2023-01-12;P031;S018;460;48
679;2024-01-15;P076;S016;312;7
680;2024-06-15;P019;S016;280;40
681;2023-12-20;P065;S004;437;52
682;2022-10-28;P074;S017;43;37
683;2025-08-03;P060;S008;480;23
684;2022-10-20;P062;S020;219;41
685;2022-04-24;P060;S007;140;8
686;2025-01-13;P098;S008;53;23
687;2025-01-27;P016;S001;26;20
688;2024-02-11;P007;S002;7;48
689;2022-07-18;P077;S013;483;11
690;2023-09-26;P068;S002;170;1
691;2023-06-25;P095;S005;375;49
692;2024-05-23;P074;S005;197;44
693;2023-05-27;P012;S006;76;5
694;2024-01-26;P098;S018;339;14
695;2025-03-08;P092;S016;182;7
696;2022-10-16;P005;S017;191;59
697;2025-12-31;P092;S009;4;24
698;2023-05-28;P047;S008;58;39
699;2025-04-22;P011;S008;236;4
700;2022-01-23;P034;S002;154;47
701;2025-09-19;P079;S009;496;27
702;2024-07-25;P051;S006;498;7
703;2023-04-07;P005;S019;18;54
704;2025-05-02;P048;S001;64;24
705;2025-06-30;P085;S019;323;9
706;2022-07-28;P031;S001;321;1
707;2022-03-15;P040;S013;235;34
708;2023-03-13;P007;S007;153;40
709;2022-12-23;P099;S013;288;31
710;2023-11-07;P085;S018;235;39
711;2024-03-22;P040;S002;236;23
712;2025-10-21;P069;S003;421;3
713;2022-05-02;P014;S006;390;39
714;2023-10-13;P098;S013;220;20
715;2023-03-24;P010;S020;243;58
716;2022-05-29;P082;S009;4;48
717;2023-01-23;P081;S003;136;26
718;2025-09-30;P049;S015;396;34
719;2023-05-04;P096;S004;237;32
720;2023-07-01;P017;S017;423;33
721;2024-03-13;P086;S017;47;40
722;2022-02-04;P089;S013;45;5
723;2025-04-05;P051;S011;63;10
724;2024-03-11;P080;S008;191;36
725;2025-01-05;P062;S003;28;30
726;2025-11-01;P030;S018;17;9
727;2025-12-22;P055;S001;157;46
728;2022-11-03;P034;S008;201;32
729;2025-06-25;P069;S009;18;21
730;2022-10-21;P033;S017;175;42
731;2022-06-22;P005;S008;264;50
732;2024-11-19;P042;S011;212;57
733;2025-04-01;P003;S001;0;26
734;2024-11-17;P063;S002;232;23
735;2025-12-19;P038;S015;247;9
736;2025-10-17;P013;S017;217;5
737;2025-04-11;P008;S015;461;55
738;2022-10-31;P061;S018;38;8
739;2024-06-22;P030;S012;220;44
740;2023-10-28;P050;S014;54;52
741;2024-05-24;P069;S012;247;56
742;2024-06-01;P038;S002;490;55
743;2023-10-31;P059;S016;307;51
744;2024-04-02;P095;S019;454;46
745;2025-09-11;P002;S001;319;43
746;2025-08-20;P057;S002;23;11
747;2022-05-03;P007;S012;282;56
748;2025-01-08;P080;S004;233;36
749;2023-02-25;P010;S007;370;18
750;2025-11-17;P029;S017;65;31
751;2025-07-06;P094;S005;193;41
752;2025-12-31;P084;S002;118;8
753;2022-04-27;P034;S013;248;36
754;2024-06-22;P072;S008;61;51
755;2022-06-17;P098;S018;399;19
756;2023-06-13;P098;S004;139;22
757;2023-01-17;P045;S006;39;2
758;2024-01-12;P100;S009;217;11
759;2025-10-19;P071;S010;9;3
760;2024-10-31;P058;S004;447;33
761;2024-12-20;P078;S004;54;10
762;2025-11-10;P084;S007;334;53
763;2022-09-02;P033;S014;495;45
764;2022-03-11;P095;S012;88;3
765;2025-09-14;P097;S015;3;59
766;2025-11-08;P090;S017;473;39
767;2024-04-04;P090;S013;252;57
768;2022-06-18;P051;S001;382;37
769;2025-06-09;P064;S013;22;34
770;2025-01-22;P038;S016;100;50
771;2023-10-06;P080;S013;48;28
772;2023-04-04;P012;S009;361;14
773;2023-06-03;P063;S018;259;52
774;2022-05-16;P065;S016;384;58
775;2023-08-14;P060;S020;448;28
776;2023-06-06;P020;S012;166;30
777;2025-02-07;P066;S008;386;30
778;2024-02-02;P095;S001;239;57
779;2022-07-13;P018;S013;312;27
780;2024-06-01;P042;S019;314;2
781;2023-12-20;P074;S013;111;37
782;2025-03-19;P006;S003;206;13
783;2024-08-05;P066;S001;246;39
784;2025-06-03;P080;S014;234;42
785;2022-11-19;P069;S001;373;28
786;2025-07-07;P086;S005;273;20
787;2023-08-24;P022;S005;148;39
788;2022-03-10;P022;S011;55;55
789;2025-08-25;P065;S019;179;50
790;2024-09-18;P100;S012;381;18
791;2025-11-07;P049;S008;391;34
792;2023-04-30;P077;S010;280;57
793;2025-04-21;P012;S018;159;48
794;2024-09-11;P063;S009;375;45
795;2023-03-20;P013;S011;69;17
796;2024-08-10;P062;S005;497;38
797;2023-08-02;P059;S013;295;23
798;2023-01-30;P011;S013;339;31
799;2024-01-27;P082;S004;240;9
800;2025-01-29;P086;S017;412;35
801;2024-09-16;P001;S014;196;25
802;2022-05-21;P068;S009;162;39
803;2025-04-06;P009;S002;82;30
804;2025-11-14;P003;S004;102;5
805;2023-06-08;P072;S011;459;28
806;2023-05-02;P009;S010;160;53
807;2022-03-13;P082;S005;354;7
808;2025-09-14;P069;S016;361;42
809;2025-04-03;P022;S006;101;54
810;2023-11-07;P069;S005;239;56
811;2022-02-01;P023;S013;429;42
812;2022-07-04;P080;S009;199;42
813;2025-03-09;P005;S010;485;57
814;2025-08-03;P039;S002;158;38
815;2023-05-10;P003;S015;202;19
816;2023-11-11;P026;S012;323;25
817;2025-10-18;P008;S012;423;18
818;2024-07-30;P085;S003;196;53
819;2023-02-27;P052;S015;41;47
820;2023-07-29;P082;S019;213;26
821;2022-08-28;P069;S013;171;45
822;2025-08-27;P006;S003;252;20
823;2024-03-18;P027;S013;16;2
824;2025-05-27;P086;S005;147;30
825;2025-11-19;P022;S011;490;22
826;2022-12-19;P056;S017;115;42
827;2022-08-29;P043;S019;379;55
828;2025-05-18;P027;S020;203;34
829;2023-11-15;P045;S012;180;35
830;2023-06-16;P046;S005;299;5
831;2025-01-24;P033;S017;400;57
832;2024-05-02;P095;S019;499;15
833;2022-12-23;P028;S011;282;39
834;2022-01-27;P094;S002;150;15
835;2022-10-21;P098;S006;245;28
836;2024-09-12;P081;S003;57;12
837;2025-09-28;P051;S015;196;3
838;2022-12-20;P064;S018;240;10
839;2022-03-17;P035;S017;183;36
840;2024-07-16;P036;S015;91;7
841;2025-06-08;P006;S002;100;43
842;2024-05-24;P093;S005;93;17
843;2025-11-04;P058;S005;428;20
844;2022-02-11;P023;S009;412;47
845;2023-02-19;P014;S006;397;49
846;2022-08-21;P073;S019;391;46
847;2024-04-17;P056;S010;45;53
848;2022-03-16;P079;S019;154;28
849;2023-09-28;P025;S019;69;12
850;2024-06-12;P020;S016;390;18
851;2025-08-20;P086;S012;281;57
852;2025-06-27;P071;S009;425;45
853;2023-02-08;P018;S003;29;51
854;2023-09-29;P017;S017;208;37
855;2023-04-23;P014;S010;261;12
856;2023-01-25;P026;S018;322;8
857;2024-04-03;P032;S007;82;40
858;2025-05-17;P093;S007;466;41
859;2023-10-01;P059;S009;437;51
860;2023-09-04;P071;S016;215;19
861;2024-02-03;P057;S011;219;36
862;2025-11-26;P073;S009;290;6
863;2025-05-12;P012;S001;34;55
864;2022-10-25;P003;S012;4;28
865;2023-07-26;P032;S003;357;44
866;2025-07-03;P097;S020;5;1
867;2022-02-25;P015;S019;246;50
868;2022-09-16;P009;S008;92;19
869;2023-05-10;P049;S007;278;49
870;2024-09-02;P044;S005;492;3
871;2022-02-12;P081;S005;314;36
872;2023-02-16;P028;S020;434;27
873;2025-03-06;P045;S005;189;46
874;2022-12-06;P013;S012;356;6
875;2022-10-01;P047;S020;31;30
876;2025-09-30;P021;S005;256;37
877;2024-02-01;P050;S007;432;27
878;2024-11-10;P047;S001;225;6
879;2024-10-01;P005;S019;235;45
880;2022-06-03;P007;S002;27;41
881;2023-06-19;P038;S012;369;17
882;2024-06-24;P037;S010;198;47
883;2023-05-16;P083;S016;420;30
884;2024-07-28;P032;S011;28;15
885;2022-06-30;P056;S018;146;19
886;2024-08-12;P043;S012;111;30
887;2023-10-14;P067;S009;107;40
888;2023-04-29;P099;S007;18;9
889;2022-01-03;P027;S007;434;59
890;2023-11-06;P051;S013;467;34
891;2025-10-09;P048;S020;372;46
892;2024-01-14;P072;S013;270;26
893;2024-05-10;P053;S020;407;46
894;2022-06-07;P083;S005;360;37
895;2023-08-06;P094;S014;188;35
896;2024-06-04;P048;S016;52;42
897;2023-04-10;P010;S013;199;2
898;2022-06-23;P094;S012;114;13
899;2024-06-26;P009;S001;186;43
900;2023-05-13;P086;S008;6;43
901;2024-04-04;P095;S008;466;9
902;2025-12-10;P046;S015;347;21
903;2024-09-15;P010;S003;75;41
904;2022-08-28;P036;S008;345;44
905;2022-07-21;P010;S018;98;1
906;2024-01-10;P027;S007;67;20
907;2022-11-18;P079;S012;33;49
908;2024-07-21;P019;S015;6;5
909;2023-10-16;P011;S008;437;12
910;2022-05-18;P032;S016;218;43
911;2025-02-01;P020;S005;450;21
912;2022-11-16;P046;S005;352;48
913;2024-07-25;P060;S009;139;39
914;2024-02-28;P079;S013;313;23
915;2024-02-16;P068;S015;466;8
916;2023-10-11;P017;S008;307;22
917;2023-02-06;P065;S012;121;26
918;2025-02-17;P057;S020;208;19
919;2022-03-10;P019;S009;311;57
920;2022-03-03;P005;S015;81;15
921;2022-05-01;P082;S015;258;37
922;2023-05-31;P081;S013;396;41
923;2025-11-29;P055;S015;95;21
924;2023-09-23;P004;S005;318;51
925;2025-10-25;P052;S010;388;13
926;2025-01-29;P019;S012;152;7
927;2025-06-09;P031;S017;85;25
928;2025-04-10;P003;S009;370;33
929;2025-05-27;P067;S005;370;3
930;2023-09-17;P029;S009;71;39
931;2022-11-28;P053;S005;51;32
932;2025-06-25;P008;S014;463;41
933;2025-03-31;P005;S007;95;36
934;2025-08-23;P064;S009;260;53
935;2024-01-16;P095;S012;355;40
936;2024-09-28;P027;S005;314;52
937;2023-02-20;P033;S007;280;50
938;2024-06-16;P058;S005;335;23
939;2023-07-24;P062;S020;343;2
940;2022-05-30;P082;S017;13;32
941;2022-01-19;P088;S011;204;46
942;2022-01-20;P026;S005;470;6
943;2022-12-22;P095;S004;51;7
944;2024-01-26;P014;S001;280;56
945;2024-11-03;P089;S001;218;21
946;2024-02-27;P032;S014;71;33
947;2022-10-28;P041;S009;55;16
948;2025-08-19;P014;S001;209;3
949;2025-06-16;P048;S008;292;26
950;2024-04-04;P048;S013;197;25
951;2022-01-31;P091;S009;389;15
952;2024-08-05;P086;S015;408;22
953;2025-01-28;P038;S011;403;43
954;2023-04-08;P007;S004;278;37
955;2024-06-21;P033;S008;56;49
956;2024-03-27;P097;S013;180;48
957;2023-02-11;P024;S017;442;20
958;2024-09-15;P026;S004;117;53
959;2023-07-07;P050;S010;336;50
960;2024-06-18;P042;S002;223;29
961;2022-04-05;P095;S015;316;37
962;2023-08-17;P091;S020;310;19
963;2025-02-06;P013;S018;335;40
964;2022-06-08;P031;S014;484;31
965;2022-02-16;P096;S003;275;58
966;2022-12-22;P023;S001;258;14
967;2022-07-21;P037;S003;320;43
968;2025-07-10;P059;S013;292;15
969;2023-07-04;P058;S008;162;1
970;2024-11-17;P016;S017;123;52
971;2024-11-07;P039;S016;15;12
972;2024-09-17;P072;S016;367;11
973;2024-10-10;P082;S012;3;47
974;2024-10-29;P091;S019;258;9
975;2024-05-24;P009;S016;107;44
976;2025-09-03;P064;S015;272;33
977;2022-02-09;P092;S009;171;54
978;2023-09-05;P022;S016;190;54
979;2025-01-22;P075;S002;489;27
980;2024-10-03;P054;S010;97;34
981;2022-02-27;P022;S012;169;49
982;2024-08-19;P014;S018;97;1
983;2023-09-10;P087;S018;144;10
984;2022-12-16;P066;S004;23;13
985;2025-07-22;P079;S002;164;29
986;2022-10-13;P050;S007;257;47
987;2022-02-14;P005;S019;119;5
988;2024-08-31;P093;S011;269;11
989;2023-02-19;P097;S013;393;53
990;2022-02-05;P094;S020;270;27
991;2024-07-23;P017;S017;36;58
992;2025-08-22;P001;S010;313;39
993;2022-02-07;P014;S016;429;57
994;2022-08-27;P055;S020;180;36
995;2024-06-25;P017;S016;81;52
996;2024-02-23;P009;S020;253;27
997;2022-06-16;P099;S020;311;43
998;2025-05-21;P095;S016;236;39
999;2024-01-02;P012;S019;12;46
1000;2024-10-12;P066;S013;162;25
1001;2024-01-29;P015;S020;163;39
1002;2025-10-21;P034;S011;484;24
1003;2022-11-17;P037;S012;329;42
1004;2025-08-21;P053;S017;348;48
1005;2024-08-14;P041;S015;417;31
1006;2025-04-20;P094;S003;23;7
1007;2024-08-25;P078;S009;180;25
1008;2025-01-11;P004;S010;26;22
1009;2023-10-26;P008;S012;456;11
1010;2022-04-14;P087;S009;456;25
1011;2025-04-15;P071;S005;73;19
1012;2024-05-24;P017;S002;139;4
1013;2022-10-09;P022;S013;142;25
1014;2025-10-21;P090;S011;2;34
1015;2023-04-25;P008;S009;283;28
1016;2025-06-13;P022;S008;264;16
1017;2023-09-09;P040;S015;422;2
1018;2023-03-21;P022;S016;29;26
1019;2025-09-14;P005;S010;56;8
1020;2024-07-02;P009;S002;278;43
1021;2022-03-08;P060;S015;413;26
1022;2023-03-24;P020;S018;319;38
1023;2022-10-15;P086;S013;399;21
1024;2025-04-26;P034;S005;119;50
1025;2023-09-05;P099;S019;419;17
1026;2023-02-09;P036;S001;285;30
1027;2022-12-28;P083;S003;45;51
1028;2025-03-24;P092;S010;356;43
1029;2023-10-07;P071;S015;79;38
1030;2023-08-02;P038;S016;255;59
1031;2023-12-25;P067;S004;347;59
1032;2023-11-12;P032;S020;373;44
1033;2025-02-05;P046;S003;403;12
1034;2022-01-02;P095;S005;461;31
1035;2024-12-02;P025;S003;108;44
1036;2025-02-26;P064;S008;55;37
1037;2022-06-25;P033;S006;220;38
1038;2022-03-31;P047;S015;237;47
1039;2025-06-29;P069;S006;292;59
1040;2025-01-23;P029;S007;466;7
1041;2023-12-18;P059;S008;208;7
1042;2024-07-31;P031;S016;189;35
1043;2025-09-30;P026;S013;448;27
1044;2025-10-30;P063;S005;156;26
1045;2024-12-15;P058;S020;125;56
1046;2024-12-18;P085;S002;125;40
1047;2025-11-24;P098;S014;127;43
1048;2024-01-12;P049;S018;92;19
1049;2025-01-18;P065;S018;471;22
1050;2022-02-23;P059;S018;82;57
1051;2024-02-02;P062;S015;42;1
1052;2024-08-05;P068;S005;201;59
1053;2023-10-20;P047;S002;291;34
1054;2022-07-28;P022;S011;374;50
1055;2024-12-05;P080;S020;144;32
1056;2022-04-28;P064;S010;181;53
1057;2022-08-05;P046;S005;144;29
1058;2023-09-26;P059;S002;159;22
1059;2025-03-23;P032;S012;399;51
1060;2025-08-21;P098;S017;306;20
1061;2025-05-01;P085;S005;371;58
1062;2024-05-27;P091;S018;442;28
1063;2025-03-27;P037;S016;254;45
1064;2022-06-02;P067;S008;493;50
1065;2024-03-03;P052;S004;278;51
1066;2024-07-11;P043;S004;143;28
1067;2022-02-04;P034;S004;31;8
1068;2022-04-17;P061;S017;65;47
1069;2025-09-23;P071;S020;359;21
1070;2024-06-07;P093;S010;325;18
1071;2025-12-08;P067;S001;201;42
1072;2022-09-27;P045;S018;481;15
1073;2024-06-29;P041;S015;189;10
1074;2024-06-27;P052;S010;413;27
1075;2024-01-10;P066;S016;114;18
1076;2023-02-28;P012;S004;419;20
1077;2022-07-07;P015;S018;261;57
1078;2023-05-16;P016;S011;300;38
1079;2024-03-12;P003;S008;288;33
1080;2022-09-26;P027;S001;4;46
1081;2022-09-17;P023;S002;311;59
1082;2024-12-07;P064;S017;27;52
1083;2022-04-18;P033;S020;390;30
1084;2025-03-10;P048;S019;237;3
1085;2023-12-28;P091;S010;58;1
1086;2025-10-04;P088;S008;402;54
1087;2023-06-19;P055;S009;317;10
1088;2023-08-02;P027;S010;298;49
1089;2023-11-03;P047;S020;49;1
1090;2023-05-30;P031;S005;241;48
1091;2024-06-26;P079;S009;473;55
1092;2022-05-04;P035;S011;436;33
1093;2025-08-28;P036;S018;119;59
1094;2025-05-04;P024;S001;357;29
1095;2023-06-29;P017;S016;37;35
1096;2024-11-21;P045;S020;230;37
1097;2023-10-19;P098;S010;400;51
1098;2023-05-24;P062;S018;210;31
1099;2022-10-04;P001;S001;282;54
1100;2025-07-06;P020;S006;164;46
1101;2025-06-08;P070;S001;382;46
1102;2025-05-03;P069;S003;262;57
1103;2022-10-20;P064;S013;293;50
1104;2022-08-24;P093;S012;208;7
1105;2023-06-29;P070;S014;376;20
1106;2025-04-20;P050;S017;156;43
1107;2023-10-20;P053;S016;306;22
1108;2023-10-05;P097;S013;363;42
1109;2023-10-07;P038;S004;102;12
1110;2024-10-29;P052;S015;491;10
1111;2025-05-12;P093;S009;464;38
1112;2024-05-08;P061;S017;398;31
1113;2023-08-08;P074;S011;143;40
1114;2023-11-21;P096;S020;96;39
1115;2025-06-23;P025;S007;266;45
1116;2022-07-04;P092;S007;416;21
1117;2025-10-18;P029;S004;351;23
1118;2022-03-27;P035;S008;236;31
1119;2024-11-06;P047;S019;91;44
1120;2024-04-12;P057;S014;382;44
1121;2024-04-04;P032;S004;147;30
1122;2023-12-04;P046;S017;496;22
1123;2022-07-14;P036;S018;28;45
1124;2022-01-05;P071;S015;15;21
1125;2023-02-10;P010;S005;349;41
1126;2024-06-15;P046;S015;400;20
1127;2022-06-24;P098;S004;440;28
1128;2025-03-01;P097;S004;205;39
1129;2023-08-23;P026;S012;215;16
1130;2023-11-26;P048;S018;292;55
1131;2022-04-20;P048;S019;332;19
1132;2023-09-04;P013;S018;17;24
1133;2024-04-18;P030;S001;326;57
1134;2022-08-16;P096;S004;379;43
1135;2024-01-14;P097;S015;176;31
1136;2024-01-17;P070;S006;138;5
1137;2023-05-06;P100;S002;440;17
1138;2025-07-15;P066;S002;208;1
1139;2023-10-30;P007;S002;18;37
1140;2023-05-29;P056;S011;69;30
1141;2024-05-28;P030;S008;115;32
1142;2023-10-21;P055;S017;465;32
1143;2025-09-26;P090;S012;308;2
1144;2022-11-01;P089;S004;9;34
1145;2023-01-03;P033;S001;256;44
1146;2024-09-14;P042;S010;256;29
1147;2023-07-26;P006;S007;46;54
1148;2025-06-02;P008;S016;229;5
1149;2024-03-20;P073;S017;154;30
1150;2024-02-14;P075;S006;152;43
1151;2024-03-20;P088;S001;217;45
1152;2022-07-04;P070;S011;102;18
1153;2024-02-23;P040;S013;393;14
1154;2024-09-23;P056;S013;163;37
1155;2025-12-03;P080;S009;429;11
1156;2025-12-16;P017;S003;391;4
1157;2022-10-27;P088;S002;480;22
1158;2025-07-03;P007;S001;445;49
1159;2022-08-22;P040;S007;412;46
1160;2024-03-23;P058;S020;52;3
1161;2022-08-31;P062;S010;481;53
1162;2023-11-01;P091;S002;474;24
1163;2025-11-12;P074;S004;498;34
1164;2022-12-16;P054;S016;361;8
1165;2025-05-20;P009;S008;3;24
1166;2022-10-18;P051;S012;48;16
1167;2023-07-27;P010;S005;111;6
1168;2025-09-19;P049;S020;196;21
1169;2024-06-14;P030;S003;169;32
1170;2025-12-19;P009;S001;117;39
1171;2024-03-19;P046;S014;74;22
1172;2022-05-18;P026;S019;320;47
1173;2022-04-28;P064;S016;204;9
1174;2023-09-29;P034;S009;83;18
1175;2025-04-18;P099;S005;33;12
1176;2022-08-10;P027;S004;352;6
1177;2025-10-25;P084;S006;13;27
1178;2022-06-09;P088;S012;436;44
1179;2025-05-12;P027;S014;331;39
1180;2023-07-11;P041;S014;202;47
1181;2023-06-12;P083;S006;256;1
1182;2023-08-25;P018;S005;237;15
1183;2024-03-13;P050;S002;263;14
1184;2023-09-09;P043;S003;401;57
1185;2025-02-09;P041;S009;388;13
1186;2022-08-03;P076;S007;382;56
1187;2023-03-02;P018;S012;127;21
1188;2023-11-21;P061;S018;222;46
1189;2024-01-08;P072;S013;66;47
1190;2024-12-05;P100;S001;149;53
1191;2024-12-16;P053;S001;133;41
1192;2024-02-12;P080;S001;343;50
1193;2025-12-09;P053;S007;410;6
1194;2025-12-25;P013;S009;212;20
1195;2025-02-28;P026;S001;36;4
1196;2023-08-18;P090;S015;120;40
1197;2024-11-07;P056;S012;225;19
1198;2023-02-16;P085;S004;290;43
1199;2022-05-23;P061;S010;382;40
1200;2025-08-22;P050;S018;35;10
1201;2023-02-21;P021;S019;188;5
1202;2024-03-24;P008;S020;246;2
1203;2025-02-10;P097;S005;217;31
1204;2023-09-20;P070;S002;379;44
1205;2024-04-19;P064;S007;256;53
1206;2025-10-31;P050;S006;175;20
1207;2025-01-22;P002;S016;210;57
1208;2024-10-21;P072;S015;217;6
1209;2023-03-31;P070;S009;342;43
1210;2025-03-18;P006;S007;487;19
1211;2022-03-19;P022;S010;481;18
1212;2023-10-09;P089;S002;346;30
1213;2025-01-07;P046;S003;322;7
1214;2024-04-19;P095;S019;493;17
1215;2024-08-13;P061;S003;486;53
1216;2022-09-05;P035;S008;76;53
1217;2024-10-30;P062;S005;422;4
1218;2025-05-29;P069;S020;463;3
1219;2025-02-24;P086;S012;2;25
1220;2022-02-10;P057;S011;25;30
1221;2024-08-19;P025;S004;452;36
1222;2024-06-22;P082;S004;438;14
1223;2023-02-18;P073;S001;2;41
1224;2023-11-07;P025;S007;311;23
1225;2025-04-16;P093;S020;283;57
1226;2022-03-23;P033;S002;238;50
1227;2025-11-10;P008;S001;243;50
1228;2022-11-29;P013;S019;426;16
1229;2022-10-23;P061;S017;29;28
1230;2023-03-17;P008;S011;342;12
1231;2024-02-18;P027;S005;401;8
1232;2023-12-13;P054;S006;4;30
1233;2023-05-10;P003;S006;341;41
1234;2023-06-13;P033;S017;108;50
1235;2025-02-18;P095;S020;316;38
1236;2024-05-15;P028;S010;256;46
1237;2022-07-14;P085;S010;63;6
1238;2023-05-13;P052;S009;218;39
1239;2022-06-02;P029;S018;141;5
1240;2022-12-10;P093;S013;296;3
1241;2022-04-26;P061;S008;253;10
1242;2024-09-09;P073;S011;72;30
1243;2024-07-30;P061;S007;451;16
1244;2024-11-30;P022;S007;180;11
1245;2022-04-14;P072;S003;216;3
1246;2022-09-05;P057;S016;414;15
1247;2024-09-13;P045;S013;121;44
1248;2024-08-03;P081;S018;314;54
1249;2022-12-30;P087;S018;223;1
1250;2023-11-15;P030;S012;449;13
1251;2025-07-13;P079;S013;239;48
1252;2025-11-10;P014;S003;292;56
1253;2024-06-06;P089;S003;243;39
1254;2025-03-18;P080;S002;49;39
1255;2025-05-11;P048;S007;193;38
1256;2025-10-29;P018;S002;13;3
1257;2024-11-14;P032;S006;398;30
1258;2024-08-22;P038;S013;280;44
1259;2023-04-02;P053;S011;457;41
1260;2022-01-11;P015;S005;347;26
1261;2025-07-08;P037;S007;239;11
1262;2023-06-02;P049;S011;7;6
1263;2022-08-13;P033;S007;185;12
1264;2025-07-19;P013;S008;377;16
1265;2024-01-30;P071;S004;247;54
1266;2022-02-15;P064;S010;439;22
1267;2023-02-12;P019;S020;397;22
1268;2022-01-14;P085;S015;83;38
1269;2023-06-20;P056;S015;41;12
1270;2022-12-31;P037;S019;268;36
1271;2022-09-11;P058;S010;18;50
1272;2024-04-23;P009;S002;33;17
1273;2025-12-01;P004;S016;473;40
1274;2024-07-23;P095;S020;356;32
1275;2023-05-04;P071;S005;173;45
1276;2025-02-09;P013;S017;215;37
1277;2022-07-20;P063;S003;372;3
1278;2025-08-18;P063;S008;310;25
1279;2022-04-15;P061;S011;468;19
1280;2022-08-16;P036;S005;447;37
1281;2025-12-19;P008;S017;184;50
1282;2023-05-03;P090;S004;471;38
1283;2023-03-29;P027;S008;199;41
1284;2024-05-29;P026;S002;447;49
1285;2025-04-25;P045;S016;96;43
1286;2023-07-07;P042;S009;132;47
1287;2025-09-08;P014;S017;472;19
1288;2025-09-24;P084;S010;42;16
1289;2022-03-24;P092;S013;103;26
1290;2024-04-12;P072;S017;16;33
1291;2022-12-08;P052;S012;88;15
1292;2022-05-27;P069;S009;489;53
1293;2024-09-12;P053;S015;173;37
1294;2022-12-01;P051;S010;160;20
1295;2024-03-03;P077;S019;324;5
1296;2023-11-10;P002;S017;270;48
1297;2022-08-11;P048;S007;41;40
1298;2023-08-29;P078;S014;398;24
1299;2025-10-31;P049;S013;448;6
1300;2022-09-05;P059;S002;190;12
1301;2023-04-09;P067;S016;55;4
1302;2023-02-28;P080;S017;170;48
1303;2025-07-15;P009;S006;81;43
1304;2024-05-09;P002;S001;453;13
1305;2023-11-13;P075;S006;289;52
1306;2023-02-02;P088;S001;193;47
1307;2022-09-18;P043;S010;464;21
1308;2025-12-14;P093;S020;373;5
1309;2023-03-17;P014;S008;68;13
1310;2024-09-17;P040;S016;19;2
1311;2023-08-13;P055;S012;141;44
1312;2024-09-18;P059;S019;203;6
1313;2024-08-02;P086;S014;323;29
1314;2024-05-30;P047;S008;296;23
1315;2022-11-04;P034;S019;186;35
1316;2023-10-11;P036;S015;49;10
1317;2022-05-24;P033;S005;201;20
1318;2022-11-26;P063;S017;422;25
1319;2024-02-23;P018;S014;157;36
1320;2024-09-16;P022;S015;164;10
1321;2025-03-30;P089;S008;302;27
1322;2022-11-03;P005;S004;125;7
1323;2025-09-02;P032;S007;217;50
1324;2023-08-14;P049;S007;428;21
1325;2024-04-06;P036;S005;493;22
1326;2025-02-24;P073;S010;312;46
1327;2023-04-01;P014;S020;387;18
1328;2022-01-04;P064;S005;261;1
1329;2025-11-10;P032;S004;398;25
1330;2023-05-20;P009;S011;108;55
1331;2022-07-05;P087;S006;428;56
1332;2024-05-19;P048;S015;81;53
1333;2024-12-21;P052;S011;336;21
1334;2025-07-28;P009;S007;443;49
1335;2025-07-28;P085;S019;480;30
1336;2024-01-10;P032;S005;99;32
1337;2024-10-04;P010;S004;106;35
1338;2024-05-19;P093;S001;344;47
1339;2022-12-28;P098;S016;114;14
1340;2022-07-02;P086;S012;411;39
1341;2024-10-02;P069;S020;332;42
1342;2022-05-11;P011;S018;287;25
1343;2022-07-05;P058;S020;431;29
1344;2025-11-19;P028;S002;402;40
1345;2024-12-02;P088;S013;30;32
1346;2024-10-24;P034;S012;206;11
1347;2025-09-10;P053;S004;443;28
1348;2025-05-06;P040;S004;43;5
1349;2024-02-29;P064;S013;406;35
1350;2024-05-27;P010;S003;487;25
1351;2025-10-14;P026;S017;26;52
1352;2024-10-26;P043;S007;128;41
1353;2024-02-23;P071;S013;149;51
1354;2022-06-13;P044;S015;391;7
1355;2023-11-21;P071;S014;324;33
1356;2023-12-12;P057;S016;279;42
1357;2023-08-22;P048;S017;123;27
1358;2025-11-03;P079;S016;288;44
1359;2025-04-17;P062;S016;395;47
1360;2024-12-06;P061;S001;259;21
1361;2025-12-31;P067;S014;63;57
1362;2024-09-28;P045;S002;206;27
1363;2023-10-27;P061;S009;315;25
1364;2025-11-11;P090;S019;392;22
1365;2022-02-22;P071;S005;41;11
1366;2024-04-14;P002;S010;308;6
1367;2025-08-03;P074;S006;460;3
1368;2025-11-07;P094;S003;201;30
1369;2023-08-02;P047;S002;59;28
1370;2025-09-22;P067;S019;361;41
1371;2025-04-21;P029;S006;397;17
1372;2022-08-19;P063;S010;306;23
1373;2023-01-24;P025;S018;498;51
1374;2023-01-28;P004;S014;376;34
1375;2025-08-01;P047;S002;64;21
1376;2025-04-01;P069;S004;410;5
1377;2025-02-01;P063;S015;21;50
1378;2025-04-01;P006;S006;277;44
1379;2022-11-02;P083;S006;473;56
1380;2025-07-18;P018;S009;447;15
1381;2023-02-13;P036;S020;382;46
1382;2025-01-03;P076;S018;23;2
1383;2025-08-29;P088;S004;29;24
1384;2022-04-22;P057;S001;39;54
1385;2025-06-25;P030;S004;80;10
1386;2024-04-15;P014;S003;406;20
1387;2024-06-10;P039;S013;137;35
1388;2024-01-28;P002;S015;288;41
1389;2023-05-06;P034;S001;71;47
1390;2023-04-25;P058;S016;260;54
1391;2022-11-21;P084;S002;481;21
1392;2025-10-17;P100;S006;242;30
1393;2023-04-30;P087;S001;154;29
1394;2023-02-25;P035;S017;317;58
1395;2025-12-03;P034;S017;222;35
1396;2025-12-02;P085;S001;408;51
1397;2024-03-14;P008;S016;449;38
1398;2024-02-01;P043;S009;19;26
1399;2022-05-10;P063;S002;118;20
1400;2025-02-22;P062;S005;119;36
1401;2022-10-11;P094;S008;298;43
1402;2022-07-07;P020;S001;66;40
1403;2023-03-14;P052;S009;185;18
1404;2024-05-21;P084;S014;424;22
1405;2022-02-13;P087;S017;231;13
1406;2024-10-25;P084;S005;63;15
1407;2024-05-18;P046;S008;357;16
1408;2023-01-11;P087;S017;301;25
1409;2022-06-24;P004;S012;443;3
1410;2025-03-28;P062;S019;231;5
1411;2025-06-21;P010;S008;398;27
1412;2022-01-29;P040;S019;26;39
1413;2023-01-22;P005;S012;185;33
1414;2025-03-23;P096;S008;151;40
1415;2023-08-30;P018;S011;418;38
1416;2022-01-02;P061;S011;22;4
1417;2022-12-01;P057;S015;7;43
1418;2023-04-06;P063;S002;379;38
1419;2022-02-25;P089;S003;213;50
1420;2024-01-18;P081;S001;143;52
1421;2023-02-02;P005;S001;453;56
1422;2025-09-17;P099;S004;486;52
1423;2023-08-20;P021;S019;444;53
1424;2024-06-10;P100;S018;364;2
1425;2023-01-09;P019;S001;499;19
1426;2024-10-18;P023;S019;185;51
1427;2024-12-04;P069;S001;412;18
1428;2024-03-25;P033;S010;254;56
1429;2022-05-04;P004;S013;318;11
1430;2023-10-20;P097;S019;153;35
1431;2022-08-18;P035;S020;392;11
1432;2025-09-20;P059;S008;402;33
1433;2023-07-27;P042;S005;326;2
1434;2022-05-01;P090;S011;111;56
1435;2025-07-03;P086;S008;280;1
1436;2023-06-01;P075;S014;23;33
1437;2022-11-10;P049;S012;38;13
1438;2025-09-22;P090;S011;174;27
1439;2022-03-18;P041;S013;188;1
1440;2024-04-07;P077;S010;100;42
1441;2022-04-10;P078;S020;225;29
1442;2022-10-23;P049;S008;156;45
1443;2025-07-05;P071;S010;353;40
1444;2024-09-11;P080;S006;275;22
1445;2025-12-31;P084;S001;260;39
1446;2023-12-08;P046;S009;235;20
1447;2023-06-07;P064;S004;419;44
1448;2024-02-17;P050;S001;477;40
1449;2025-02-16;P043;S010;378;45
1450;2023-01-30;P027;S020;189;2
1451;2025-06-26;P034;S007;177;41
1452;2024-10-27;P086;S007;275;52
1453;2025-12-07;P063;S005;138;17
1454;2024-08-18;P067;S002;124;50
1455;2025-12-30;P027;S009;468;56
1456;2023-10-17;P007;S006;147;48
1457;2023-07-21;P099;S009;261;41
1458;2024-11-09;P023;S015;172;5
1459;2022-01-03;P066;S013;281;52
1460;2023-02-17;P088;S015;150;48
1461;2022-01-20;P002;S001;388;26
1462;2023-03-21;P036;S015;408;13
1463;2022-08-15;P058;S018;476;55
1464;2025-10-01;P081;S011;3;34
1465;2023-11-08;P011;S003;346;55
1466;2025-09-25;P007;S001;393;30
1467;2024-12-10;P066;S004;161;44
1468;2023-01-08;P079;S002;90;41
1469;2023-11-13;P031;S016;441;2
1470;2024-08-26;P046;S019;263;12
1471;2022-12-19;P070;S016;125;56
1472;2024-11-19;P053;S012;435;22
1473;2023-04-23;P093;S008;115;38
1474;2022-09-01;P068;S004;354;13
1475;2023-12-28;P046;S016;27;48
1476;2023-02-12;P037;S009;136;52
1477;2025-12-09;P076;S015;499;25
1478;2024-11-12;P027;S012;161;40
1479;2022-02-22;P025;S017;186;39
1480;2024-12-01;P012;S015;477;47
1481;2024-05-30;P060;S004;400;37
1482;2025-03-31;P017;S008;379;21
1483;2024-05-02;P050;S003;32;18
1484;2025-03-23;P076;S007;311;53
1485;2025-09-12;P095;S007;316;19
1486;2023-02-13;P009;S015;476;13
1487;2023-01-08;P083;S020;368;55
1488;2023-07-09;P029;S017;292;25
1489;2024-06-20;P025;S010;12;16
1490;2024-03-30;P015;S016;412;45
1491;2023-06-09;P009;S016;295;58
1492;2024-10-19;P013;S015;253;29
1493;2024-12-15;P047;S012;358;46
1494;2025-02-01;P044;S007;310;16
1495;2022-06-24;P003;S003;13;22
1496;2024-08-18;P074;S002;263;44
1497;2022-11-18;P018;S004;159;12
1498;2024-12-27;P010;S008;394;43
1499;2024-03-08;P036;S010;226;26
1500;2023-05-07;P092;S012;324;28
1501;2022-11-28;P057;S012;177;55
1502;2025-08-15;P003;S009;164;28
1503;2024-05-29;P020;S011;44;23
1504;2024-05-15;P018;S013;452;39
1505;2024-02-10;P049;S001;321;30
1506;2024-12-02;P037;S003;153;36
1507;2024-04-20;P020;S011;285;38
1508;2022-07-18;P074;S015;332;55
1509;2025-01-20;P098;S007;379;14
1510;2023-05-05;P064;S016;37;58
1511;2023-06-28;P022;S006;496;31
1512;2022-02-05;P021;S020;103;46
1513;2025-07-29;P097;S010;154;12
1514;2025-05-13;P080;S004;80;47
1515;2024-05-05;P035;S006;178;11
1516;2023-10-13;P100;S012;398;4
1517;2024-03-03;P001;S003;317;25
1518;2024-04-26;P012;S012;96;43
1519;2022-06-22;P013;S016;29;25
1520;2023-09-06;P008;S012;159;44
1521;2022-10-17;P031;S015;433;20
1522;2025-12-12;P005;S018;6;8
1523;2022-10-15;P044;S016;294;24
1524;2025-01-30;P051;S006;444;18
1525;2023-10-27;P100;S017;271;38
1526;2023-03-27;P025;S003;202;9
1527;2022-05-01;P045;S018;420;24
1528;2024-12-16;P013;S011;308;49
1529;2022-04-17;P035;S017;77;5
1530;2022-08-27;P032;S006;150;48
1531;2025-12-07;P072;S018;377;45
1532;2022-01-21;P022;S005;186;13
1533;2024-05-02;P006;S016;350;21
1534;2024-08-24;P049;S020;27;9
1535;2024-07-31;P011;S010;489;2
1536;2025-12-10;P071;S016;452;53
1537;2025-08-14;P015;S003;343;48
1538;2022-01-11;P068;S010;178;1
1539;2024-10-11;P040;S018;209;8
1540;2022-12-20;P034;S016;195;24
1541;2022-03-27;P086;S017;254;34
1542;2023-10-18;P030;S017;214;10
1543;2025-06-02;P019;S010;200;45
1544;2025-05-02;P062;S005;114;1
1545;2025-01-31;P062;S004;138;35
1546;2024-05-25;P038;S015;290;41
1547;2024-10-06;P030;S016;138;55
1548;2023-11-05;P032;S018;198;55
1549;2022-10-29;P083;S019;16;26
1550;2024-12-07;P025;S010;54;4
1551;2024-01-16;P087;S011;81;31
1552;2025-08-09;P012;S009;25;5
1553;2024-11-11;P009;S005;46;23
1554;2023-10-09;P037;S006;496;34
1555;2022-06-24;P017;S003;25;15
1556;2025-09-18;P035;S013;312;3
1557;2022-01-17;P094;S006;208;19
1558;2023-01-31;P060;S011;119;43
1559;2023-12-11;P004;S016;457;39
1560;2025-01-04;P041;S011;221;39
1561;2022-07-22;P068;S010;78;27
1562;2022-08-21;P088;S016;431;22
1563;2024-02-26;P003;S014;494;49
1564;2024-10-16;P009;S016;281;58
1565;2023-11-02;P011;S017;40;59
1566;2025-02-12;P096;S008;155;15
1567;2024-02-09;P061;S004;402;40
1568;2022-04-06;P093;S017;0;42
1569;2023-10-02;P098;S010;255;15
1570;2022-10-01;P098;S002;33;32
1571;2024-04-02;P021;S012;357;58
1572;2025-10-31;P025;S019;343;31
1573;2025-09-19;P085;S019;424;52
1574;2023-08-13;P062;S008;343;56
1575;2022-12-15;P084;S006;465;39
1576;2024-03-12;P024;S019;64;17
1577;2022-06-25;P069;S018;254;55
1578;2022-12-29;P041;S014;73;52
1579;2022-02-14;P057;S003;3;53
1580;2025-11-03;P066;S018;397;13
1581;2024-06-24;P009;S019;446;38
1582;2023-03-06;P008;S015;20;37
1583;2023-11-07;P096;S016;319;16
1584;2025-08-23;P058;S017;153;28
1585;2024-07-16;P071;S003;357;34
1586;2023-02-20;P038;S018;243;32
1587;2025-06-20;P020;S013;68;56
1588;2022-05-17;P047;S012;462;24
1589;2024-12-17;P079;S019;407;37
1590;2024-07-20;P028;S002;9;5
1591;2024-02-20;P095;S001;98;44
1592;2022-06-18;P060;S010;464;23
1593;2023-09-12;P022;S018;31;50
1594;2023-04-07;P051;S012;72;21
1595;2023-02-14;P024;S013;414;1
1596;2025-11-08;P098;S004;232;13
1597;2023-07-10;P073;S001;398;52
1598;2023-04-18;P061;S004;177;44
1599;2023-08-21;P002;S020;2;8
1600;2024-03-08;P089;S018;103;1
1601;2023-08-12;P076;S017;34;15
1602;2025-06-19;P055;S020;114;10
1603;2022-08-12;P004;S014;309;1
1604;2024-04-05;P058;S002;204;14
1605;2022-05-02;P013;S014;341;45
1606;2022-09-01;P093;S010;111;52
1607;2022-08-09;P096;S020;198;42
1608;2025-03-04;P027;S003;249;37
1609;2022-02-04;P030;S015;339;41
1610;2025-04-05;P062;S007;100;46
1611;2025-07-09;P065;S015;409;21
1612;2025-09-19;P011;S019;82;1
1613;2024-01-02;P087;S012;221;47
1614;2024-12-24;P049;S004;353;27
1615;2025-02-07;P017;S001;290;51
1616;2024-05-02;P015;S005;155;52
1617;2023-02-15;P027;S009;98;31
1618;2024-09-08;P010;S008;252;7
1619;2025-11-19;P080;S014;225;18
1620;2022-01-09;P028;S014;239;36
1621;2024-06-24;P002;S004;112;24
1622;2025-04-20;P035;S007;378;53
1623;2024-12-02;P015;S002;143;38
1624;2025-08-22;P059;S011;431;35
1625;2022-04-23;P075;S007;242;4
1626;2024-07-30;P033;S020;479;57
1627;2025-09-04;P055;S017;336;2
1628;2025-12-27;P080;S015;343;35
1629;2024-02-05;P075;S004;68;18
1630;2022-08-19;P084;S002;203;2
1631;2024-09-17;P052;S009;405;27
1632;2025-12-09;P019;S012;11;57
1633;2024-08-16;P039;S019;92;40
1634;2025-03-05;P087;S019;57;7
1635;2023-05-27;P060;S003;486;41
1636;2023-11-11;P010;S020;294;31
1637;2024-08-13;P072;S005;419;56
1638;2023-02-19;P066;S009;261;41
1639;2024-07-29;P056;S019;175;34
1640;2022-02-16;P007;S009;7;7
1641;2025-03-11;P090;S018;69;57
1642;2025-01-13;P040;S016;54;45
1643;2023-03-07;P019;S002;349;29
1644;2022-04-03;P070;S012;60;57
1645;2025-12-24;P097;S018;253;8
1646;2025-12-23;P011;S011;338;33
1647;2022-06-08;P052;S003;349;3
1648;2024-06-13;P100;S020;472;40
1649;2022-04-28;P012;S003;393;32
1650;2022-06-06;P092;S015;303;19
1651;2025-12-27;P062;S012;321;4
1652;2025-05-01;P073;S001;365;10
1653;2022-09-14;P023;S011;106;18
1654;2023-04-13;P040;S002;151;19
1655;2023-11-30;P070;S014;375;53
1656;2025-06-09;P050;S001;283;12
1657;2024-02-05;P064;S018;33;11
1658;2023-02-25;P019;S018;312;32
1659;2025-01-06;P084;S015;66;6
1660;2023-01-13;P018;S004;281;38
1661;2025-06-25;P027;S002;190;55
1662;2023-01-10;P097;S015;149;28
1663;2023-05-27;P093;S013;479;26
1664;2023-10-04;P073;S010;106;8
1665;2024-11-10;P044;S015;419;54
1666;2024-03-07;P058;S006;205;10
1667;2025-01-04;P062;S010;36;22
1668;2025-09-23;P050;S003;130;34
1669;2023-02-26;P091;S013;475;45
1670;2024-02-29;P053;S018;345;51
1671;2023-04-29;P061;S006;231;22
1672;2023-03-02;P075;S014;457;22
1673;2022-05-20;P050;S018;63;6
1674;2025-08-29;P054;S011;363;31
1675;2023-04-14;P042;S020;217;36
1676;2023-06-04;P059;S015;103;11
1677;2025-03-25;P008;S013;406;18
1678;2024-04-04;P014;S016;454;56
1679;2025-04-19;P013;S012;481;34
1680;2022-07-23;P071;S001;57;3
1681;2024-01-23;P079;S014;395;49
1682;2025-07-24;P044;S003;341;41
1683;2023-07-17;P043;S010;51;51
1684;2024-06-21;P018;S010;266;50
1685;2023-12-25;P036;S001;264;38
1686;2024-09-22;P031;S018;388;56
1687;2024-10-08;P004;S017;325;36
1688;2023-03-01;P077;S019;70;17
1689;2025-09-18;P039;S001;109;30
1690;2024-11-18;P094;S005;145;55
1691;2024-07-21;P055;S006;462;30
1692;2022-03-02;P019;S001;64;51
1693;2024-12-20;P068;S017;367;53
1694;2024-04-19;P065;S012;78;43
1695;2024-11-09;P040;S004;309;50
1696;2024-07-28;P096;S004;392;31
1697;2022-02-25;P076;S010;326;32
1698;2023-11-19;P076;S008;491;56
1699;2025-09-15;P084;S012;443;48
1700;2024-06-29;P075;S012;136;19
1701;2024-01-31;P030;S003;171;9
1702;2022-07-23;P095;S016;138;49
1703;2025-04-22;P028;S004;130;16
1704;2024-12-05;P049;S005;204;38
1705;2023-03-17;P093;S015;260;19
1706;2024-12-04;P041;S008;159;30
1707;2023-07-08;P086;S020;149;36
1708;2022-01-08;P049;S010;309;11
1709;2022-01-14;P029;S001;436;52
1710;2022-08-17;P001;S010;445;15
1711;2024-03-04;P085;S018;433;24
1712;2022-04-12;P031;S017;106;41
1713;2023-05-16;P027;S004;25;21
1714;2025-08-13;P035;S013;66;43
1715;2024-11-18;P008;S006;181;10
1716;2023-12-04;P040;S001;424;42
1717;2022-12-20;P058;S001;126;51
1718;2024-09-08;P072;S003;377;25
1719;2023-03-19;P006;S005;135;32
1720;2022-10-30;P015;S018;23;33
1721;2025-05-24;P021;S012;487;49
1722;2024-01-30;P037;S001;268;51
1723;2025-10-06;P070;S009;330;50
1724;2023-06-08;P054;S017;229;24
1725;2024-11-13;P029;S013;108;21
1726;2023-05-31;P058;S014;187;26
1727;2022-01-08;P089;S011;234;17
1728;2023-11-07;P087;S011;141;19
1729;2025-02-11;P091;S004;45;3
1730;2023-07-16;P087;S009;242;13
1731;2022-08-26;P019;S018;260;2
1732;2024-03-06;P092;S019;238;41
1733;2024-12-21;P034;S004;140;45
1734;2024-05-10;P058;S012;151;32
1735;2025-02-24;P071;S018;399;33
1736;2024-01-03;P013;S018;28;32
1737;2025-08-16;P004;S006;18;42
1738;2022-06-09;P011;S011;80;53
1739;2025-11-25;P050;S005;443;25
1740;2024-06-26;P021;S016;445;3
1741;2023-08-25;P060;S011;478;42
1742;2025-06-21;P021;S005;175;51
1743;2025-05-03;P043;S009;220;7
1744;2023-09-10;P045;S011;287;49
1745;2025-05-14;P042;S015;45;25
1746;2022-03-12;P026;S017;80;23
1747;2024-07-10;P031;S018;70;28
1748;2024-05-18;P049;S014;229;12
1749;2025-12-11;P068;S007;324;8
1750;2025-12-22;P003;S016;471;50
1751;2022-02-01;P039;S009;439;35
1752;2025-05-20;P048;S003;122;25
1753;2024-04-26;P021;S016;416;30
1754;2023-04-08;P018;S007;495;32
1755;2023-12-11;P097;S007;22;36
1756;2022-09-04;P035;S020;461;32
1757;2022-05-09;P032;S001;378;53
1758;2022-11-29;P055;S008;97;25
1759;2025-01-03;P011;S001;188;26
1760;2024-09-10;P058;S012;131;8
1761;2025-01-18;P095;S017;448;5
1762;2024-03-03;P094;S010;129;43
1763;2022-02-21;P038;S019;348;2
1764;2024-03-30;P046;S009;185;19
1765;2024-11-01;P020;S010;328;3
1766;2022-02-15;P026;S011;27;12
1767;2025-08-08;P011;S010;160;39
1768;2022-05-17;P066;S017;278;32
1769;2025-01-25;P081;S007;83;6
1770;2024-07-24;P088;S005;374;55
1771;2022-06-11;P094;S020;286;8
1772;2025-01-16;P037;S012;47;59
1773;2024-12-12;P006;S005;45;5
1774;2022-04-19;P054;S001;382;13
1775;2022-02-14;P087;S010;44;31
1776;2024-05-14;P047;S007;217;13
1777;2025-03-30;P099;S012;94;54
1778;2025-08-01;P047;S002;415;1
1779;2024-08-30;P026;S009;306;46
1780;2024-04-06;P025;S005;302;4
1781;2022-11-14;P036;S005;316;54
1782;2024-02-06;P021;S014;177;20
1783;2025-08-07;P058;S019;34;29
1784;2023-03-07;P043;S018;398;32
1785;2023-11-30;P023;S008;462;33
1786;2023-01-21;P065;S003;420;14
1787;2024-10-14;P059;S014;492;19
1788;2024-08-13;P061;S011;55;51
1789;2024-06-20;P074;S008;58;3
1790;2023-06-21;P089;S012;408;52
1791;2022-02-22;P086;S011;19;11
1792;2024-09-06;P072;S009;175;9
1793;2023-01-15;P064;S004;85;57
1794;2022-04-24;P033;S019;147;56
1795;2024-08-25;P076;S007;398;51
1796;2024-09-20;P048;S017;61;28
1797;2024-05-09;P039;S016;93;2
1798;2025-08-28;P012;S019;13;13
1799;2022-09-15;P076;S012;104;35
1800;2022-05-25;P011;S007;404;31
1801;2023-05-18;P048;S014;177;43
1802;2024-09-20;P008;S011;208;14
1803;2024-07-11;P051;S011;68;15
1804;2024-05-09;P008;S007;398;5
1805;2023-09-06;P080;S011;62;39
1806;2025-08-06;P100;S003;170;34
1807;2025-10-07;P082;S015;282;38
1808;2024-02-13;P085;S003;381;43
1809;2022-09-19;P068;S009;316;59
1810;2023-06-24;P071;S017;309;2
1811;2025-03-05;P098;S017;186;45
1812;2025-09-21;P098;S012;235;33
1813;2023-05-05;P036;S007;166;27
1814;2025-07-21;P030;S011;211;3
1815;2022-08-10;P090;S014;116;52
1816;2025-09-21;P012;S020;232;2
1817;2024-09-19;P075;S001;162;51
1818;2025-02-20;P029;S006;80;28
1819;2024-07-31;P003;S017;264;54
1820;2024-09-02;P062;S009;362;30
1821;2022-08-03;P011;S001;365;41
1822;2023-02-19;P073;S012;122;50
1823;2025-11-27;P090;S020;59;23
1824;2023-09-19;P059;S017;61;33
1825;2023-12-27;P072;S004;254;52
1826;2023-01-20;P085;S008;105;14
1827;2023-10-15;P072;S019;323;14
1828;2023-11-22;P042;S019;143;50
1829;2023-05-28;P006;S005;399;13
1830;2023-02-01;P055;S011;476;4
1831;2024-03-20;P082;S006;235;50
1832;2022-10-12;P006;S013;351;19
1833;2024-05-11;P021;S019;31;24
1834;2023-02-04;P044;S006;357;36
1835;2025-02-02;P048;S013;486;6
1836;2023-11-05;P087;S006;246;12
1837;2023-05-18;P036;S016;231;9
1838;2022-02-09;P082;S018;37;13
1839;2024-08-20;P091;S011;166;24
1840;2022-12-15;P045;S020;445;46
1841;2022-08-10;P003;S017;446;15
1842;2024-08-08;P059;S010;104;46
1843;2022-03-05;P012;S016;15;50
1844;2024-10-24;P084;S005;53;30
1845;2024-05-28;P019;S010;253;32
1846;2024-10-04;P023;S003;236;32
1847;2024-11-07;P005;S019;398;34
1848;2024-10-20;P051;S004;17;35
1849;2025-09-27;P019;S012;259;18
1850;2024-10-30;P012;S010;36;19
1851;2024-02-21;P092;S011;295;50
1852;2024-08-04;P057;S008;62;15
1853;2025-10-29;P037;S012;67;22
1854;2025-10-21;P034;S014;400;25
1855;2022-12-17;P080;S003;464;24
1856;2022-04-09;P063;S011;481;6
1857;2024-04-08;P004;S007;375;36
1858;2024-06-16;P054;S015;175;10
1859;2025-12-13;P054;S011;18;12
1860;2024-11-23;P006;S007;85;5
1861;2022-12-15;P007;S019;422;20
1862;2023-07-31;P034;S016;234;37
1863;2022-06-25;P068;S019;448;48
1864;2022-02-16;P015;S013;308;18
1865;2025-05-26;P013;S017;145;47
1866;2025-05-29;P073;S014;294;40
1867;2024-10-31;P037;S002;443;33
1868;2022-07-09;P081;S010;91;41
1869;2024-06-18;P038;S006;460;12
1870;2022-03-27;P078;S016;418;33
1871;2023-06-29;P031;S007;328;5
1872;2023-08-30;P066;S019;336;9
1873;2022-11-26;P083;S010;417;33
1874;2023-02-23;P083;S020;270;30
1875;2025-04-19;P060;S015;72;46
1876;2024-10-15;P013;S012;358;17
1877;2025-07-31;P021;S009;274;35
1878;2023-06-19;P095;S018;74;16
1879;2024-12-08;P044;S017;471;40
1880;2024-04-23;P028;S019;84;19
1881;2024-01-03;P057;S010;190;47
1882;2024-10-22;P001;S008;337;2
1883;2024-05-17;P099;S020;281;6
1884;2022-06-03;P010;S005;176;42
1885;2022-05-25;P008;S013;245;53
1886;2025-08-15;P077;S002;259;45
1887;2025-08-31;P063;S001;449;47
1888;2023-12-27;P083;S008;144;11
1889;2024-03-17;P067;S010;246;9
1890;2023-06-22;P067;S005;499;27
1891;2024-07-06;P027;S018;128;14
1892;2023-12-16;P018;S002;76;35
1893;2022-12-10;P035;S009;201;20
1894;2024-08-11;P044;S016;80;59
1895;2024-11-18;P098;S020;118;58
1896;2025-02-12;P094;S017;212;32
1897;2025-07-13;P008;S016;368;48
1898;2023-04-27;P085;S001;106;8
1899;2025-02-07;P046;S005;136;11
1900;2023-02-09;P083;S019;94;2
1901;2023-12-18;P043;S018;98;5
1902;2024-02-02;P046;S020;393;30
1903;2025-03-03;P040;S003;176;44
1904;2025-06-29;P094;S018;47;41
1905;2023-05-28;P056;S011;175;11
1906;2022-10-11;P027;S011;398;16
1907;2023-12-27;P020;S011;44;25
1908;2022-05-04;P078;S010;257;42
1909;2025-05-05;P057;S010;313;25
1910;2025-11-26;P012;S004;165;11
1911;2025-09-17;P023;S009;2;1
1912;2022-11-10;P012;S010;217;33
1913;2023-09-02;P044;S013;480;1
1914;2022-03-07;P039;S001;368;56
1915;2022-09-02;P042;S016;471;52
1916;2024-08-31;P094;S019;186;47
1917;2022-12-25;P048;S012;96;9
1918;2025-09-06;P091;S005;190;27
1919;2022-05-06;P088;S005;349;38
1920;2024-01-02;P067;S007;42;19
1921;2025-10-16;P094;S012;259;40
1922;2022-10-10;P035;S014;170;17
1923;2022-01-30;P097;S001;236;12
1924;2022-11-28;P037;S006;188;2
1925;2024-02-07;P040;S018;341;8
1926;2023-01-20;P016;S006;304;33
1927;2025-06-02;P048;S019;447;13
1928;2025-08-13;P018;S012;19;43
1929;2025-06-17;P018;S018;476;21
1930;2024-10-13;P014;S003;340;19
1931;2023-01-04;P096;S011;172;34
1932;2024-08-15;P076;S004;144;30
1933;2024-02-08;P042;S013;65;20
1934;2023-10-07;P002;S001;225;18
1935;2024-08-01;P053;S020;405;21
1936;2024-12-30;P090;S006;433;56
1937;2022-10-09;P087;S014;453;36
1938;2022-11-01;P060;S009;280;7
1939;2022-09-16;P035;S009;126;5
1940;2025-04-05;P064;S007;129;9
1941;2023-11-20;P033;S015;253;45
1942;2025-07-17;P041;S010;426;18
1943;2023-06-16;P063;S009;400;47
1944;2023-03-04;P089;S015;72;50
1945;2022-05-17;P004;S009;147;1
1946;2023-12-04;P021;S007;420;36
1947;2025-07-09;P004;S008;435;45
1948;2023-03-26;P095;S002;78;14
1949;2022-04-15;P056;S003;281;8
1950;2022-10-26;P079;S002;408;53
1951;2024-04-11;P004;S001;319;37
1952;2022-04-07;P004;S012;414;20
1953;2024-03-22;P003;S005;413;31
1954;2022-01-05;P055;S018;368;7
1955;2025-03-10;P069;S019;393;58
1956;2025-10-31;P083;S002;421;56
1957;2023-05-27;P032;S016;108;41
1958;2024-06-05;P058;S006;123;38
1959;2024-07-18;P073;S003;84;44
1960;2022-07-03;P067;S008;495;57
1961;2025-05-09;P034;S004;471;43
1962;2022-12-12;P063;S018;97;15
1963;2024-11-19;P089;S020;411;49
1964;2024-04-03;P010;S004;371;35
1965;2022-05-04;P032;S008;484;17
1966;2023-04-15;P005;S007;151;27
1967;2024-07-09;P029;S020;412;21
1968;2022-11-20;P007;S018;80;40
1969;2022-10-11;P015;S001;358;54
1970;2024-10-10;P002;S018;471;44
1971;2025-08-09;P010;S002;16;45
1972;2024-04-21;P011;S019;100;26
1973;2022-03-14;P053;S010;69;44
1974;2025-06-28;P056;S001;319;5
1975;2025-02-24;P040;S007;361;33
1976;2024-06-15;P058;S014;356;49
1977;2022-08-10;P085;S001;237;5
1978;2022-11-27;P076;S004;414;28
1979;2022-06-02;P068;S011;56;21
1980;2025-09-16;P092;S002;403;8
1981;2022-10-24;P093;S008;429;2
1982;2023-08-04;P077;S018;129;55
1983;2024-01-01;P082;S017;104;37
1984;2024-12-16;P027;S014;81;14
1985;2024-10-23;P003;S018;49;34
1986;2024-06-22;P099;S010;443;53
1987;2023-07-25;P039;S020;469;44
1988;2024-03-14;P022;S018;296;57
1989;2023-11-26;P081;S020;484;46
1990;2023-08-14;P092;S005;345;37
1991;2022-06-18;P061;S008;497;21
1992;2025-01-02;P038;S010;331;27
1993;2023-07-25;P016;S001;453;50
1994;2025-03-31;P069;S017;144;57
1995;2022-03-30;P086;S019;205;18
1996;2025-09-03;P017;S017;393;48
1997;2022-03-11;P061;S010;89;5
1998;2024-04-02;P075;S018;370;34
1999;2024-05-18;P086;S001;450;18
2000;2023-09-04;P044;S017;169;54
